transect_id,longitude,latitude,net_change_m,years,epr_myr,lrr_myr,lrr_se_myr,lrr_r2,wlr_myr,wlr_se_myr,n_shorelines,anchor_lon,anchor_lat,lrr_90ci,wlr_90ci
0.0,,,-0.16753785455073,6.050650239561944,-0.027689231391246214,-2.324001017378725,2.7134750936343552,0.15496561317349544,-3.3844219673924183,2.00771928188982,6,3.0000005057251307,6.397206407658268,4.463666529028514,3.302698218708754
1.0,,,-9.41090141387356,7.063655030800821,-1.3322991245803557,-1.4909550465745367,1.7969750400474362,0.10292534798360656,-1.5704241134070827,1.473627101357747,8,3.004521824528415,6.397204444199575,2.9560239408780324,2.424116581733494
2.0,,,-18.467527473127987,7.063655030800821,-2.614443569596898,-2.3839857181872603,1.7241552890334673,0.24164416957991758,-2.159471126975747,1.2441487225991386,8,3.009042907751813,6.397251101078467,2.8362354504600535,2.046624648675583
3.0,,,-27.52534222275085,7.063655030800821,-3.8967562972324608,-3.2772874541549646,1.7699455202441474,0.3636342705009053,-2.7488194169694222,1.1070012485800746,8,3.0135633754159254,6.397339365330294,2.9115603808016224,1.8210170539142227
4.0,,,-36.58642582251092,7.063655030800821,-5.17953179522175,-1.7522735288409794,2.9152982660884676,0.04320811384461572,-0.17748783184636352,2.5787829865434273,10,3.0180830264710736,6.397462734929313,4.79566564771553,4.242098012863938
5.0,,,-39.47028117118809,7.063655030800821,-5.587798526269942,-1.5291260478034183,2.7829463255505424,0.03636628287907013,0.08192509509434487,2.5170147803149496,10,3.022601797303882,6.397615112969793,4.577946705530643,4.140489313618092
6.0,,,-24.85929407251328,7.063655030800821,-3.519324480614525,0.6373771818167432,2.391622794678306,0.008799925474251007,1.6279516818059108,2.384177815844116,10,3.0271197296001984,6.397790710050909,3.9342194972458135,3.921972507063571
7.0,,,-10.2488585634932,7.063655030800821,-1.4509285233782525,1.7232172246207018,2.2567496670189264,0.06793148825638531,2.727964231444526,2.3994169312287816,10,3.031636942061713,6.397984020537679,3.712353202246134,3.947040851871346
8.0,,,-3.5270536570514537,7.063655030800821,-0.4993241659837378,1.8500043925678555,2.032171214375158,0.0938697322413029,2.869392764921648,2.194400021035311,10,3.0361536650764065,6.39818851909731,3.342921647647135,3.609788034603087
9.0,,,-4.787173329267873,7.063655030800821,-0.6777190149283296,1.6104990297411148,2.2135625474614136,0.0620614258292529,2.9528620871279463,2.1774273791755574,10,3.0406701769477342,6.3983976716428295,3.6413103905740254,3.581868038743792
10.0,,,-6.047351417316875,7.063655030800821,-0.8561221337887553,1.37100843830304,2.672305942693273,0.031853630281973126,3.036349464497391,2.3361946153086364,10,3.045186696535428,6.398606691766423,4.395943275730434,3.8430401421827067
11.0,,,-7.307676696976415,7.063655030800821,-1.0345460905312542,0.3099714511193628,1.8746453604308702,0.0034059123671266608,1.6628181455206006,1.3419953489422334,10,3.0497034490890442,6.398810637574563,3.0837916179087816,2.2075823490099737
12.0,,,-10.339353396765162,7.063655030800821,-1.463739855879254,0.013280269701195646,1.7370425999635901,7.3063368505788965e-06,1.5211574689471865,1.1596980138815407,10,3.054220600416545,6.3990055636165035,2.8574350769401056,1.9077032328351344
13.0,,,-30.95252970074513,7.063655030800821,-4.381942431471767,-0.9201914502924923,2.2252082993507116,0.020928564396240194,0.8944000347434269,1.5107002443579691,10,3.058738296794599,6.3991874228537355,3.6604676524319206,2.4851019019688594
14.0,,,-33.910735170258306,7.063655030800821,-4.800734891835987,-0.9164164265508802,2.5858322964098344,0.015457158192404927,0.49300472644171034,1.8162547895523227,10,3.063256642927692,6.399352341654959,4.253694127594177,2.987739128813571
15.0,,,-36.86881270471281,7.063655030800821,-5.219509240463703,-1.5425063167275637,2.9836477548872504,0.03232930764203566,-0.30652450733744097,2.1244350344906087,10,3.0677756290401925,6.399498669919529,4.908100556789527,3.4946956317370512
16.0,,,-39.82707322079514,7.063655030800821,-5.638309493757917,-2.1938884644470806,3.463210405210549,0.047766644812465814,-1.1166783907563103,2.5117193575878956,10,3.0722951582777385,6.399627155146077,5.696981116571353,4.131778343232088
17.0,,,-34.79507559010784,7.063655030800821,-4.925930759413523,-4.284595580836028,17.149540995367452,0.00774193145170858,-1.3707720189067478,9.040226919966095,10,3.076815091789396,6.39974058263046,28.21099493737946,14.871173283344227
18.0,,,-13.581885584482293,7.063655030800821,-1.9227843836171155,-0.6305287135126575,2.374361582443154,0.009973891319708737,0.12219339897669089,2.2726320515375167,9,3.0813353344659555,6.39984097031807,3.9058248031189886,3.738479724779215
19.0,,,-6.700245983584054,7.063655030800821,-0.9485522656992542,-0.22577150946733993,2.520311654615608,0.0011450755795615927,0.6842870758514338,2.353745137137292,9,3.0858558145891206,6.3999300694634025,4.145912671842675,3.8719107505908457
20.0,,,-14.836729776789625,7.063655030800821,-2.1004323840978336,-1.4123426848599125,2.2621836942551483,0.05274638101118392,-0.5660434869883275,2.0574902681385687,9,3.0903764344693534,6.400011825428239,3.721292177049719,3.3845714910879456
21.0,,,-22.972974676254054,7.063655030800821,-3.252278682365036,-2.624069268920003,2.013438579547045,0.19526654247680605,-1.8450185820149088,1.7715657523446255,9,3.0948971201299136,6.400089879967713,3.3121064633548887,2.914225662606909
22.0,,,-31.109063614871815,7.063655030800821,-4.404102901291446,-3.835773212973283,1.7935440875399662,0.39518818784417725,-3.12397397649581,1.5209445188067903,9,3.099417781474679,6.400169330371222,2.9503800240032443,2.50195373343717
23.0,,,-39.245304830639284,7.063655030800821,-5.5559486780585265,-5.047506591069549,1.6143257208938744,0.5827429901842615,-4.402963024622022,1.325791497160388,9,3.1039383568297283,6.400253527865059,2.6555658108704234,2.180927012828838
24.0,,,-47.38199251976138,7.063655030800821,-6.707857661954591,-6.030775822143077,1.540170796013635,0.6865533022301028,-5.421821892949397,1.2512349649828565,9,3.1084587885366766,6.400345099531277,2.5335809594424297,2.0582815173967988
25.0,,,-42.02950083972436,7.063655030800821,-5.950106659577258,-5.700049421690191,1.7255239348603513,0.6092065163891064,-4.944070088832513,1.3443224769336688,9,3.112979008343985,6.40044658583733,2.838486872845278,2.211410474555885
26.0,,,-7.327969337334508,7.063655030800821,-1.0374189149075308,-3.632882727261309,2.4701133926250542,0.2360632322877512,-2.5656009342371564,2.145893937105136,9,3.117498937021722,6.400560299285182,4.063336530868214,3.5299955265379492
27.0,,,-13.255562096210468,7.063655030800821,-1.8765868432716564,-2.8422443325395186,1.718531677790934,0.280968489923229,-2.3823596919880123,1.464099282801619,9,3.122018487455581,6.40068816512362,2.8269846099660865,2.4084433202086633
28.0,,,-19.184496410706302,7.063655030800821,-2.715944695352898,-3.270871172221862,1.606855282204452,0.3718343422647701,-2.6566581800079883,1.3298681804651686,9,3.1265375698003273,6.400831632946849,2.6432769392263236,2.1876331568652025
29.0,,,-25.11539398589879,7.063655030800821,-3.5555804857943927,-3.5027486872193574,1.7561902611463287,0.3623664327973679,-2.706846772196935,1.4705741211110637,9,3.1310560624213655,6.4009926256699226,2.888932979585711,2.4190944292277
30.0,,,-21.60464283211094,7.063655030800821,-3.0585642614064037,-1.516665734823392,1.2372257558358626,0.17673529941402602,-1.2486823864132635,0.9048965996569737,9,3.135573867990212,6.4011718924873025,2.035236368349994,1.4885549064357217
31.0,,,-22.995622459333333,7.063655030800821,-3.2554849237486434,0.20973124220429315,2.979651496938281,0.0007072777559907719,-0.15448760480002308,2.9455902674317023,9,3.140090977911525,6.401367965510837,4.901526712463472,4.84549598992515
32.0,,,-31.148323938784586,7.063655030800821,-4.409660976217469,-1.3581019134003245,2.7511646411616333,0.03364123344213138,-1.0081225802379015,2.6988534569230014,9,3.144607588416646,6.40157529123285,4.525665834710887,4.439613936638337
33.0,,,-2.4998676100075556,7.063655030800821,-0.3539056761842092,-1.5200578336589818,1.6779735107623575,0.10493201356349369,-2.072258858325903,1.604846293241559,9,3.149123909675143,6.401788857432169,2.760266425204078,2.6399721523823647
34.0,,,5.627726630330443,7.063655030800821,0.7967159502822458,-1.025480240982405,1.8190906037689163,0.04342759133060908,-1.1735032978027071,1.7282180384350057,9,3.1536400405825065,6.402006438858537,2.9924040431998673,2.8429186732255842
35.0,,,-12.134142105915203,7.063655030800821,-1.7178276760409024,-1.5342933654755697,2.508890691916635,0.050716716292552165,-0.137541706636575,2.411777759851611,9,3.1581561621673724,6.402224233616311,4.127125188202865,3.9673744149559
36.0,,,-11.659448331034724,7.063655030800821,-1.650625388724974,0.38509028971344983,2.5855759354198216,0.003158918557086241,2.043032106827728,2.510981073988762,9,3.1626724897385925,6.402437721577652,4.253272413765607,4.130563866711514
37.0,,,-17.551049844503638,7.063655030800821,-2.484698044846881,-0.8873298300685744,1.5286551127667278,0.04592363278015394,-0.6467796834116506,1.44541131024728,9,3.167189234887764,6.40264217042261,2.5146376605012675,2.377701605356776
38.0,,,-23.44180320848477,7.063655030800821,-3.3186506286430477,-2.7910312096762473,1.791377280053256,0.25748963105540545,-3.0274192662231783,1.6714677258156985,9,3.1717065888785907,6.402832673122528,2.946815625687606,2.749564408966824
39.0,,,-29.331966087340604,7.063655030800821,-4.152519617597347,-4.082246177201096,2.2254369911240186,0.32464153569425125,-4.401419342602084,2.123791100900759,9,3.17622463092905,6.403006068613382,3.6608438503990106,3.493636360981749
40.0,,,-35.22213490426945,7.063655030800821,-4.986389447203263,-4.389773952907453,2.442204281780444,0.3157966377677759,-4.1758747791992,2.441905524530817,9,3.1807433880284823,6.403159687300152,4.017426043528831,4.016934587853195
41.0,,,-30.765035272763996,7.063655030800821,-4.3553988889058335,-2.217834468070132,1.8251315436483657,0.17419953731200133,-1.4718726019216157,1.7837314755561213,9,3.185262790520722,6.403292968408947,3.0023413893015616,2.9342382772898197
42.0,,,-0.26291621439747814,7.063655030800821,-0.037220987328945306,1.0442425895109655,2.3515427810210214,0.02739893833266881,2.6032564899801134,2.183599419638313,9,3.189782748481418,6.403405831956534,3.8682878747795804,3.592021045305025
43.0,,,-1.373506912036106,7.063655030800821,-0.19444705411673943,1.323861880681347,1.9475468288594195,0.06192273191632406,2.6112447224649697,1.9036938460530923,9,3.194303186533289,6.403497481334472,3.2037145334737454,3.131576376757337
44.0,,,-2.483849427975656,7.063655030800821,-0.35163798587911177,0.7133091647011756,1.6204700281720423,0.026935026196755637,1.7470201966574828,1.662118522640624,9,3.1988239878543667,6.4035689828444875,2.66567319634301,2.7341849697438265
45.0,,,-3.59405936927088,7.063655030800821,-0.5088101490799182,0.19214722815274635,1.5389975905744389,0.002221919328825178,0.913842398114586,1.6542366767462748,9,3.203345032462729,6.4036229194061765,2.531651036494952,2.721219333247622
46.0,,,-4.704200566771121,7.063655030800821,-0.6659725802376558,-0.20922637787549217,1.590981397292511,0.002464523591900077,0.24972345025865103,1.763346734087805,9,3.2078662276056846,6.403662180398899,2.6171643985461808,2.9007053775744396
47.0,,,-5.814330444095717,7.063655030800821,-0.8231334088007599,-0.3583752106027845,1.4722997919332739,0.008393148358418085,0.008462829948749423,1.6372529022712772,9,3.2123875124210124,6.4036891112435,2.4219331577302357,2.693281024236251
48.0,,,-6.924475629731759,7.063655030800821,-0.9802964045579555,-0.5075290941739542,1.3641218998441549,0.019391575878606834,-0.23280423674860565,1.5190036867913457,9,3.216908840024983,6.40370746326262,2.243980525243635,2.4987610647717635
49.0,,,-8.034628583131592,7.063655030800821,-1.1374604999956643,-0.6566869101207088,1.2691323047407512,0.036838668094412746,-0.4740780300842057,1.4105685316574994,9,3.2214301828260137,6.4037213424501065,2.087722641298536,2.3203852345765865
50.0,,,-9.144781802872984,7.063655030800821,-1.2946246331392859,-0.8058464826223114,1.1904951819003238,0.06143497309709135,-0.71535529960053,1.3143819803739347,9,3.2259515275774118,6.403734163489424,1.9583645742260327,2.1621583577151227
51.0,,,-10.254949412638922,7.063655030800821,-1.4517908034753357,-0.9550093614722126,1.1316257940278662,0.09234865929652795,-0.9566379064381414,1.2333140212229983,9,3.2304728565920384,6.40375122661446,1.8615244311758399,2.028801564911832
52.0,,,-11.365160881411697,7.063655030800821,-1.6089631829207838,-1.1041748701290632,1.0957255597340458,0.12669004833884542,-1.1979222488333083,1.1705228004345154,9,3.2349941454876583,6.403776482046111,1.8024685457625054,1.925510006714778
53.0,,,-12.47547424892123,7.063655030800821,-1.7661499881466975,-1.2533497255900992,1.0850776027363258,0.16008797191334584,-1.4392175697682346,1.1290614812981856,9,3.239515362252122,6.403812280977787,1.784952656501256,1.8573061367355153
54.0,,,-13.585653395728528,7.063655030800821,-1.9233177917790096,-2.981025485590642,11.746357234951978,0.007986428269697022,-1.5913036378240815,6.110532314269002,10,3.244036542559323,6.403852377528568,19.322757651496005,10.05182565697251
55.0,,,-14.695494162923083,7.063655030800821,-2.080437691088239,-1.487628280685391,0.9877059959149596,0.22091623731516613,-1.7659294679067834,0.9408164422216113,10,3.24855782136041,6.403877939358135,1.6247763632801084,1.5476430474545506
56.0,,,-15.805837235456877,7.063655030800821,-2.237628701647529,-1.5849446534282023,1.0195450763220046,0.2319994203749024,-1.898883158835714,0.9230550218302539,10,3.253079168904044,6.403875214641274,1.6771516505496977,1.5184255109107676
57.0,,,-16.916955398070115,7.063655030800821,-2.3949294415291122,-1.6823425573838053,1.093249290072521,0.22839861495395447,-2.031942041106719,0.9547257821190224,10,3.257600426911215,6.403846774195382,1.798395082169297,1.5705239115857919
58.0,,,-18.028304993460537,7.063655030800821,-2.55226294529514,-1.5924915506483523,1.1333289414757515,0.19794936569081756,-1.8567816944431605,0.977842223996894,10,3.2621214962230796,6.403796646241344,1.8643261087276113,1.6085504584748906
59.0,,,-19.14010995932989,7.063655030800821,-2.70966091575397,-1.491370852060694,1.3756201469187286,0.12810046473728637,-1.2982563657309134,1.3606386027810955,10,3.2666423178200006,6.403727775700605,2.2628951416813083,2.238250501574902
60.0,,,-29.041439069968703,7.063655030800821,-4.11138977531243,-2.5300100836645427,1.6669392961563172,0.22357149027748094,-2.2607585626400653,1.2023394918484516,10,3.2711628701193263,6.403643090236831,2.7421151421771417,1.9778484640907028
61.0,,,-35.30428706392185,7.063655030800821,-4.998019709340099,-3.534978393198731,2.0916677169481153,0.2630936883872431,-3.4200159904151812,1.191866855033685,10,3.2756831754823974,6.403546176939642,3.4407933943796496,1.960620976530412
62.0,,,-41.56668683034809,7.063655030800821,-5.884586187901023,-6.079405959057389,1.6784868697779292,0.6520626917645372,-5.209937740937099,1.2821299373965163,9,3.2802032501686473,6.403439129831063,2.7611109007846935,2.109103747017269
63.0,,,-47.82879670968525,7.063655030800821,-6.771111627214162,-6.6547146322131665,1.1488006957938688,0.8273989242213012,-6.078399284460928,0.9772189821909432,9,3.2847231218280806,6.403323922712365,1.8897771445809142,1.6075252257041015
64.0,,,-38.61167229124818,7.063655030800821,-5.466245466813333,-5.392042772009216,0.9895379903761902,0.809223522437324,-4.805530472736783,0.8569755539175141,9,3.289242730678604,6.403198962324786,1.6277899941688327,1.4097247861943107
65.0,,,-28.597908413556524,7.063655030800821,-4.048599243430822,-4.086191338343379,0.9970128051750784,0.7058472840176714,-3.482333921342206,0.9371061008644078,9,3.2937619032325776,6.403059273869694,1.640086064513004,1.5415395359219508
66.0,,,-18.582624211655514,7.063655030800821,-2.630737788103557,-2.780157561661576,1.1620235281447158,0.44986386387717364,-2.158925345701118,1.17622408608919,9,3.298280377208563,6.4028987386749945,1.9115287037980575,1.9348886216167174
67.0,,,-8.563678352425967,7.063655030800821,-1.212357952799839,-1.3239819238786166,1.3720400255760374,0.11740676076190164,-0.5968074151042118,1.3956940140431053,9,3.3027978761612657,6.402712894830991,2.257005842072582,2.295916653100908
68.0,,,-16.515453174730723,7.063655030800821,-2.3380888651435647,-1.062437124329394,1.28168593409538,0.08938787776228288,-0.750391999982016,1.4109914380185005,9,3.3073140852053307,6.4024980832703635,2.1083733615869,2.3210809155404335
69.0,,,-26.75511676411915,7.063655030800821,-3.7877156581761704,-1.0775491390316672,2.97158218067706,0.018438190187630984,-0.5578219884847389,3.1576185051414716,9,3.311828727915399,6.40225258306448,4.888252687213764,5.19428244095772
70.0,,,-34.4204620912372,7.063655030800821,-4.8728968134978246,-2.778063518857448,3.087299581561532,0.10367932667316357,-3.0827278790916,3.347548905404937,9,3.316341638328632,6.401977075992936,5.0786078116687206,5.506717949391121
71.0,,,-19.650168064086714,7.063655030800821,-2.7818697230262295,-2.3175695217873167,3.5018339938830505,0.0588868386933399,-3.0858918483775963,3.8538274938801256,9,3.320852696087887,6.40167276948423,5.7605169199376185,6.339546227432806
72.0,,,-4.877600744839242,7.063655030800821,-0.6905208031211368,-1.6330680845792225,5.038647883213591,0.014784738729545758,-2.6776473120341358,5.60722604150473,9,3.3253618855262332,6.4013419397603375,8.288575767886357,9.22388683827528
73.0,,,9.898398751312982,7.063655030800821,1.4013140092701808,1.5815066769294865,2.536222012785073,0.06086192996292368,2.2862131639831826,2.826280822060362,8,3.329869358326273,6.400988534068139,4.172085211031445,4.649231952289296
74.0,,,24.67821757713996,7.063655030800821,3.4936895232753375,-1.6745255709120006,5.525261201072934,0.015077479879897179,-1.2163631370226433,3.929531098128243,8,3.3343751868628364,6.400614773035423,9.089054675764975,6.46407865642096
75.0,,,1.8922867395192355,7.063655030800821,0.2678905936470546,-0.9131402356149366,5.2012761772839795,0.00511067952439767,-0.23734294152353175,3.0345584943386346,8,3.3388797016652894,6.400225523113042,8.556099311632146,4.991848723187054
76.0,,,-7.160836519098126,7.063655030800821,-1.0137579606979032,0.020174643130524215,7.484081360139876,1.2111082035290108e-06,1.5993724045451283,4.3135894996197806,8,3.3433834889331857,6.399827985100322,12.311313837430095,7.095854726874539
77.0,,,-28.546837228798395,7.063655030800821,-4.041369107681633,-0.17245463875902112,2.4615593619130816,0.0009806928559288833,1.004558424709419,2.7004055741221435,7,3.3478876738815115,6.399435050469262,4.049265150347019,4.442167169430927
78.0,,,-22.177110103169966,7.063655030800821,-3.1396083198383065,-0.9018979502753754,1.7073207618847932,0.04444168357291475,-0.5548441382449304,1.8754409908674767,8,3.352391631885304,6.399039610028731,2.808542653300485,3.085100429976999
79.0,,,-15.807734643151562,7.063655030800821,-2.2378973172136076,-3.0194695124741995,2.379177805378838,0.21163349808425783,-3.6263962953023,2.3861154838706704,8,3.3568922154788168,6.398607824936556,3.913747489848189,3.9251599709672527
80.0,,,12.060501317826834,7.063655030800821,1.7074023667969966,-2.777422270710522,2.3619010943373153,0.18730057634100022,-3.4663301002627938,2.6277843888974304,8,3.36138587862892,6.398109282228887,3.885327300184884,4.322705319736273
81.0,,,-12.518252376612438,7.063655030800821,-1.77220607773554,-4.790803730898952,2.627529667192382,0.35653130793074395,-6.353159714767355,2.6929008879609038,8,3.365871105864438,6.397539696238602,4.322286302531468,4.429821960695687
82.0,,,1.1984264652274845,7.063655030800821,0.16966095597842587,-0.04350398999242488,2.8641024377774715,4.614142927102863e-05,-0.15552985528590924,3.22273912642921,7,3.3703535399576277,6.396948561346115,4.71144851014394,5.3014058629760505
83.0,,,-11.941644403995255,7.063655030800821,-1.6905758211470028,-0.6451937851655939,1.9054381971068373,0.022416836575972012,-0.9405513830324601,2.222884154881073,7,3.374851717331465,6.39649530229035,3.1344458342407475,3.656644434779365
84.0,,,-20.099570069439622,7.063655030800821,-2.8454914604119463,-2.187806281631645,1.183364180372664,0.4060395925877909,-2.114160730734845,1.3015008889629656,7,3.3793524614023545,6.396065759527288,1.9466340767130323,2.140968962344078
85.0,,,-20.0303052995085,7.063655030800821,-2.8356856630408833,-2.1802669214250088,1.179286210176562,0.4060395925877683,-2.106875159147659,1.2970158099624136,7,3.3838571912561326,6.3956831094018245,1.9399258157404444,2.1335910073881705
86.0,,,-20.000318817321777,7.063655030800821,-2.83144048373131,-2.177002940463377,1.1775207530479292,0.40603959259536243,-2.103721049740434,1.2950741050668613,7,3.3883755182028463,6.395552959994348,1.9370216387638437,2.130396902834987
87.0,,,-20.085432408110663,7.063655030800821,-2.843489994985434,-2.1862674196512066,1.1825318241427643,0.4060395925956478,-2.1126736696566795,1.3005854375820105,7,3.392888123782723,6.395799837182733,1.9452648507148471,2.1394630448224072
88.0,,,159.9958043526879,7.063655030800821,22.650568813883435,21.459867288253115,6.326066062350444,0.7932125364521291,19.057821902341207,12.871390724841046,5,3.397350924141957,6.396512622170793,10.40637867256648,21.17343774236352
93.0,,,539.435981353354,7.063655030800821,76.3678264299661,,,,,,2,3.4185823640208692,6.404165127295072,,
94.0,,,368.5991042378588,7.063655030800821,52.18248946623176,25.04028344908756,35.750214843681384,0.10924900583565053,-11.632822507745605,20.939185752389086,6,3.422800966458334,6.405791407450748,58.80910341785588,34.444960562680045
95.0,,,288.50101126780345,7.063655030800821,40.843021071924504,18.253490090566167,47.53203737468382,0.068673757965112,-19.693759189778625,29.47635485109148,4,3.42708271245904,6.407242867247412,78.19020148135488,48.48860373004548
96.0,,,140.06664278660827,7.063655030800821,19.829202045662274,11.991818465642261,28.664200745556286,0.03382036516020458,-19.207566423755555,20.786752914248506,7,3.431394405034203,6.408603670030723,47.15261022644009,34.19420854393879
97.0,,,257.4339069461919,7.063655030800821,36.44485833802193,13.019745642852113,22.605360602447806,0.04524554009445558,-4.397448298701205,11.98032040144227,9,3.435522747720492,6.4104250149211115,37.18581819102664,19.707627060372534
98.0,,,-6.4377939107734505,7.063655030800821,-0.9113969867868228,-5.111651521585107,4.538075434190149,0.15344005105637917,-7.16207364158651,4.531132025631453,9,3.439268873139072,6.4129551251243155,7.465134089242794,7.45371218216374
99.0,,,480.6684574622876,7.063655030800821,68.04812173957386,17.09985798371605,23.480023773780186,0.08121746384964093,15.208557017284768,26.183192863189188,8,3.4429737701739476,6.415547477170473,38.624639107868404,43.07135225994622
100.0,,,-525.2827872338067,7.049965776865161,-74.50855846102831,-53.82178440174191,21.81104336620458,0.6699395079795766,-54.57601517568828,24.985879130639535,5,3.4468383489401293,6.417889385870653,35.87916633740653,41.10177116990204
101.0,,,-1.09217523913685e-10,0.09582477754962354,-1.1397628745563842e-09,,,,,,2,3.450985446289725,6.419682302506764,,
102.0,,,36.008606233593525,6.050650239561944,5.951196120733048,6.03096803699329,0.14268855910068642,0.9994405500786033,6.103036603953813,0.06354831146782608,3,3.4553164275008728,6.420972012073352,0.23472267972062916,0.1045369723645739
103.0,,,92.92305989199139,7.063655030800821,13.155095978895293,9.98922635475291,3.704745392969201,0.5094676365467918,7.681665265638841,3.8120160256957343,9,3.459754180306144,6.421829847489464,6.094306171434336,6.270766362269483
104.0,,,85.50927409104472,7.063655030800821,12.105528047191505,9.86005657063672,3.6113458185772784,0.515722977206107,7.4879829243194305,3.6532530780023116,9,3.464243572512138,6.422357864398145,5.940663871559623,6.009601313313802
105.0,,,67.07868295890574,7.063655030800821,9.496313546798575,8.74030272720918,3.350442259217437,0.49294916578521214,7.106699212970873,3.484785220522297,9,3.468756076204489,6.422630990609144,5.511477516412684,5.732471687759179
106.0,,,8.685724329699553,7.063655030800821,1.2296359734196751,1.365854288612583,1.8069383774386094,0.07546528882298256,1.0519031512699926,1.5958870800894807,9,3.4732763517039564,6.422715034715997,2.9724136308865123,2.625234246747196
107.0,,,-2.034297552650969,7.063655030800821,-0.2879950314363436,0.11074678671379391,1.8806514433684554,0.0004951451312077954,0.022496310358011296,1.627491852941358,9,3.4777973348141598,6.422665756734923,3.093671624341109,2.677224098088534
108.0,,,-4.427818673481255,7.063655030800821,-0.6268452598794684,0.005657182530547214,1.9832045636342013,1.16243000633249e-06,-0.01247125480413457,1.7325694548527018,9,3.4823169428652876,6.4225393513004585,3.262371507178261,2.8500767532326945
109.0,,,-6.822688426485485,7.063655030800821,-0.965886413865823,-0.0996122022674733,2.0934492055230045,0.0003233417165903643,-0.04752904657253785,1.8473281953650915,9,3.486835905464506,6.422390853702141,3.4437239430853426,3.038854881375576
110.0,,,-9.21459327978728,7.063655030800821,-1.3045078276908155,-0.20484555215086017,2.2101296253004645,0.0012257076602192162,-0.082602983538681,1.969940796732719,9,3.491355600505217,6.422267884411667,3.635663233619264,3.240552610625323
111.0,,,-11.604643227019452,7.063655030800821,-1.642866642894905,-0.2646816899974424,2.194485257009284,0.002073876138166996,-0.10055606064525613,2.0513585067029205,9,3.4958765131154386,6.422206917116743,3.609928247780272,3.3744847435263043
112.0,,,-13.997350865883249,7.063655030800821,-1.9816017068852156,0.011991301144026544,1.9447554862968057,5.431280218262789e-06,0.22827293360355905,1.8739069049049675,9,3.5003977997997753,6.422224064319625,3.1991227749582456,3.0825768585686717
113.0,,,-11.5810646846016,7.063655030800821,-1.6395286341281916,0.5493724952233029,1.7421638356261133,0.01400657067149905,0.8609923532710729,1.7157093734482478,9,3.5049183559285773,6.422309214966452,2.8658595096049564,2.8223419193223678
114.0,,,-4.1692686686412515,7.063655030800821,-0.5902423958221772,1.2534837626811546,1.5191358946685163,0.08864118117263277,1.6430012667168568,1.5057858758041127,9,3.509438414420309,6.422418699274483,2.498978546729709,2.4770177656977657
115.0,,,-5.389650017790657,7.063655030800821,-0.7630114996116425,-0.199379073762897,0.8436277235746632,0.007916037643987928,-0.17690730003679125,0.8865466671559655,9,3.5139577913663866,6.422552826524369,1.387767605280321,1.4583692674715634
116.0,,,-15.580010393506015,7.063655030800821,-2.2056584481504156,-2.897009532052095,1.084814020398716,0.5046575513008709,-3.0986601107031757,1.2116139050211572,9,3.5184759569711694,6.422723069114577,1.7845190635558879,1.9931048737598036
117.0,,,-16.970527191838286,7.063655030800821,-2.4025135879143154,-3.969373257002101,1.10614027848914,0.647838786983166,-3.859366756014551,1.1629084846549234,9,3.5229930299273695,6.422920315642866,1.8196007581146354,1.912984457257349
118.0,,,-5.749016141840741,7.063655030800821,-0.8138868782198956,-0.11164814087273014,0.6389705185624835,0.004342633928278778,0.3106266980093115,0.5921011842704537,9,3.5275093521841296,6.423134121534322,1.0511065030352855,0.9740064481248962
119.0,,,-34.070527510322705,7.063655030800821,-4.823356656257895,-3.587160085345248,1.7074257934740054,0.38671015394895514,-2.797158721139122,1.5176392111207715,9,3.5320254381012717,6.423352864854966,2.808715430264739,2.496516502293669
120.0,,,-37.25389663715528,7.063655030800821,-5.274025483225181,-7.722033929073553,3.049370158382546,0.47810783234414006,-8.752121555252655,3.3859137222631612,9,3.5365419594558047,6.423562317265856,5.016213910539288,5.5698280731229
121.0,,,-116.82166131603257,7.063655030800821,-16.53841542468252,-18.42476753987619,1.8542765660955454,0.9337944619750242,-19.50610235375536,1.6823508005891197,9,3.5410595362061072,6.423747291225311,3.050284951227172,2.7674670669691017
122.0,,,-114.08596542638882,7.063655030800821,-16.151123593794,-17.98035176322944,1.680682037494729,0.9423642947136709,-18.958278950760057,1.5372344295221758,9,3.5455784695128116,6.42389527135831,2.7647219516788293,2.5287506365639794
123.0,,,-111.36218482367065,7.063655030800821,-15.765518607304536,-17.537814492677445,1.5224304347571718,0.9498931867037961,-18.412507331060134,1.4100071736587831,9,3.5500984768205806,6.424005659491325,2.5043980651755477,2.3194618006686984
124.0,,,-108.64832820836332,7.063655030800821,-15.381318557404924,-17.096840135277578,1.3845824266771156,0.9561055310343706,-17.868419937859315,1.305737672220466,9,3.554619176864256,6.424082718540875,2.2776380918838552,2.147938470802667
125.0,,,-105.94091978428392,7.063655030800821,-14.998031376437869,-16.656881293255406,1.2736147698463773,0.9606841684104896,-17.32541275929845,1.230148862320382,9,3.559140256762248,6.424132908724396,2.0950962963972906,2.0235948785170286
126.0,,,-103.23678639994162,7.063655030800821,-14.615207842084759,-16.217440729365514,1.1969372064020682,0.9632697358829844,-16.782946427066282,1.1886595568872715,9,3.5636615068021436,6.424164314736573,1.9689617045314023,1.9553449710795616
127.0,,,-100.53384286759685,7.063655030800821,-14.232552754802228,-15.778193679712116,1.1613323188988904,0.963463109035841,-16.240673035197588,1.184838255601124,9,3.5681828132250484,6.424185880458883,1.9103916645886747,1.9490589304638493
128.0,,,-85.13206027513007,7.063655030800821,-12.052125974996612,-13.332321239256263,0.8411055371238911,0.9728947543769405,-13.631471641793443,0.8842562259015533,9,3.572704121341983,6.424206396336566,1.383618608568801,1.4546014916080552
129.0,,,-66.61540361931479,7.063655030800821,-9.430727198432065,-8.458407917027467,1.7855605908643728,0.7622304370296136,-8.246423237960327,1.7779336763592644,9,3.577225391775462,6.424233297693631,2.9372471719718933,2.92470089761099
130.0,,,-51.093309729767654,7.063655030800821,-7.233267976278153,-5.995950873290754,1.8906985107527592,0.5896130401484813,-5.482139223244894,1.5193148318984289,9,3.581746590651383,6.424269866833216,3.110199050188289,2.4992728984729156
131.0,,,-37.24374775488711,7.063655030800821,-5.272588708322681,-3.6338104004237746,2.3031586815865026,0.26232684891305286,-2.7297038883189533,1.500535062312205,9,3.586267681627775,6.424317635353734,3.788696031209797,2.468380177503577
132.0,,,-23.39575731888685,7.063655030800821,-3.3121319227610164,-1.6175854111958707,5.024298965024025,0.014591560259742961,-0.11785357380514912,2.6765587973152365,9,3.590788636277414,6.42437671007128,8.264971797464522,4.402939221583564
133.0,,,-14.848522245968269,7.063655030800821,-2.1021018412170194,-0.6948246980428392,4.646960590687196,0.003183681508503277,0.5419887642159715,2.4451258161011205,9,3.595309485297262,6.424443254129985,7.644250171680437,4.022231967486343
134.0,,,-14.193567823754208,7.063655030800821,-2.009380095979157,-1.2815529183382164,4.031517888371285,0.014230276569082852,-0.3948761524871578,2.2832575272346403,9,3.599830315107455,6.424510900342883,6.631846926370764,3.7559586323009833
135.0,,,-13.538530203857718,7.063655030800821,-1.916646572464741,-1.1277936028042965,1.3989644111621973,0.08495524859072516,-0.6202222895390308,1.2392839521639931,9,3.6043512084416083,6.424573901999378,2.3012964563618143,2.0386221013097687
136.0,,,-12.883483639377758,7.063655030800821,-1.8239117826677234,-1.2850031392841483,1.4015407275988903,0.10721284607662528,-0.8299903447565595,1.2890792795046648,9,3.608872206511089,6.424628604900852,2.3055344969001745,2.1205354147851736
137.0,,,-12.228548691122114,7.063655030800821,-1.731192794353625,-1.5149298735017254,1.510245480195434,0.12567903118980622,-1.0361347629664877,1.4183815058082885,9,3.613393269694033,6.42467734790143,2.484353814921489,2.3332375770546347
138.0,,,-11.573631387981763,7.063655030800821,-1.638476304054395,-2.286396872925273,1.7073056597468563,0.20394972781360973,-2.1040887420202816,1.7423876207546631,9,3.6179143677603305,6.424722410078606,2.8085178102835786,2.8662276361414207
139.0,,,-10.918721898624469,7.063655030800821,-1.5457609199506153,-3.0541069201887647,2.1577518174120396,0.22251507101773488,-3.1660632544231904,2.2824218710242414,9,3.6224354887390073,6.42476474604829,3.549501739642805,3.7545839778348773
140.0,,,-10.263817342452327,7.063655030800821,-1.4530462342367103,-3.284041714086976,2.235502169408339,0.23564748018399068,-3.3722168895796245,2.3175238413861106,9,3.62695661706784,6.424805911716557,3.6774010686767173,3.812326719080152
141.0,,,-9.608920070627718,7.063655030800821,-1.3603325797661916,-3.4439396260811215,2.305937655975176,0.24165033238938943,-3.501044959831718,2.333123673667048,9,3.6314777321187175,6.424848132852083,3.7932674440791647,3.837988443182294
142.0,,,-8.954011769087302,7.063655030800821,-1.267617363821371,-3.3275822360626246,2.2147443645368603,0.24384895572488685,-3.3248680575599123,2.113905680825323,9,3.635998827693847,6.424892032937117,3.643254479663135,3.4773748449576565
143.0,,,-8.299099977511403,7.063655030800821,-1.1749016537930388,-3.6513183627429435,5.725868633525518,0.05490286994237676,-3.126679568868747,3.326666959983678,9,3.6405199464647136,6.42493304434725,9.419053902149477,5.47236714917315
144.0,,,-7.644206720452715,7.063655030800821,-1.0821885676919978,-4.36033660505856,13.45252504743703,0.014786477911101145,-2.909832654007131,7.047363301103835,9,3.6450411262172273,6.424966070500402,22.129403703033915,11.592912630315809
145.0,,,-6.989320797230619,7.063655030800821,-0.9894765198404974,-3.7126070798663564,5.948391325525889,0.052715842062074234,-3.279235852950588,3.349952732849296,9,3.6495623590813775,6.424990140059846,9.785103730490087,5.510672245537092
146.0,,,-6.334406719005884,7.063655030800821,-0.8967604860918214,-3.7572455348634595,4.830556158519063,0.07955115679868886,-3.6139590442543543,2.8508104427516825,9,3.6540836084157062,6.425010191827894,7.946264880763859,4.689583178326518
147.0,,,-5.6794953558217856,7.063655030800821,-0.8040448367108167,-3.4318646490585705,1.665695174081511,0.41434374275516794,-3.9670712199556526,1.8178968638626942,8,3.6586047962395165,6.425039979572814,2.7400685613640854,2.990440341054132
148.0,,,-5.024927411213412,7.063655030800821,-0.7113778050177126,-3.6011932731305127,1.8148792720193885,0.39621364238604423,-4.295630839533712,1.977448819431506,8,3.663125603734791,6.4251041352807645,2.9854764024718943,3.2529033079648277
149.0,,,-4.371022164531524,7.063655030800821,-0.6188045913159455,-3.5656566208590204,1.9568847058189762,0.35622870640633364,-4.388800703522806,2.123781534100199,8,3.6676453703981435,6.425220343345354,3.219075341072216,3.4936206235948273
150.0,,,-3.7163185289319784,7.063655030800821,-0.5261183498807772,-1.839091308959443,1.7159420581287406,0.160684920284479,-2.0516692477652994,1.5525541866300991,8,3.6721635978892087,6.42538601445887,2.8227246856217785,2.553951637006513
151.0,,,-9.450989498667923,7.063655030800821,-1.3379743854218833,-5.103995040327366,4.668721833373853,0.1458368515469801,-7.209749134762602,4.65167741163751,9,3.676680211013403,6.425591159982919,7.680047415899988,7.652009342143704
152.0,,,27.333633114007597,7.063655030800821,3.869616083291192,-4.438378121934957,3.2698876400310564,0.20835934646149729,-7.183619756997317,2.8111474661229527,9,3.681195377636767,6.425826047255453,5.378965167851088,4.624337581772258
153.0,,,46.38307006621462,7.063655030800821,6.566440442513524,1.1571830229447697,3.1263589823443225,0.01919599417899561,-1.85339997628512,2.423081711074225,9,3.685709528855555,6.426079792265414,5.142860525956411,3.9859694147171005
154.0,,,-19.49630629616673,7.063655030800821,-2.760087548323604,-1.7800640376379167,2.233168331019795,0.08321432776767891,-0.7931038433512122,1.745006107568733,9,3.6902233623771132,6.42633910634337,3.673561904527563,2.870535046950566
155.0,,,-15.375190227789474,6.967830253251198,-2.2065965543025956,-0.2530250415578883,2.793834903888546,0.0013651519657369008,-0.3415273731422994,1.918941270086403,8,3.6947368355430186,6.426604570141509,4.595858416896658,3.156658389292133
156.0,,,-90.51506162421781,7.063655030800821,-12.814196224126183,-5.279395467440134,4.180337556613192,0.18556778733133752,-0.595978912273481,2.3649911085379003,9,3.6992494485517695,6.426884204550866,6.8766552806287,3.890410373544846
157.0,,,-113.93081974038486,7.063655030800821,-16.12915965510681,-6.323638536702463,4.4957534706201505,0.2203569965122877,-0.7227898447662069,2.6402413903130983,9,3.7037606809039265,6.427185223445393,7.395514459170148,4.343197087065047
158.0,,,-27.592296650021595,6.967830253251198,-3.959955344369504,0.13528471082839527,2.6491506129456237,0.0004344543627184246,0.2889693804124578,2.397203528811244,8,3.708270007830338,6.427513506516684,4.357852758295551,3.9433998048944963
159.0,,,-111.59337167241208,7.063655030800821,-15.798247675716476,-8.12873010114448,3.9062305342850014,0.3821939367451369,-3.4939699715207975,2.5435692609822502,9,3.712776793457775,6.427874956957498,6.425749228898828,4.184171434315802
160.0,,,-84.18929043621557,7.063655030800821,-11.918658268150287,-7.997487264460282,4.081628254385024,0.3541956088905283,-5.242031146395868,4.13169672722861,9,3.7172803164024897,6.428274981149314,6.714278478463365,6.796641116291063
161.0,,,34.85817636465846,7.063655030800821,4.934863921392056,-0.819104165549895,2.2331679292457,0.018856879573754197,-3.144488572397345,1.7680293847046078,9,3.721779775934694,6.428718399000111,3.6735612436091762,2.90840833783908
162.0,,,6.466015379708679,6.967830253251198,0.9279811856340255,3.625948117050134,3.9602219013992226,0.10695023631902617,2.4793147550238497,2.227845587662995,9,3.7262750372784743,6.429202582332616,6.514565027801721,3.664805991705627
163.0,,,-7.999735796215575,6.967830253251198,-1.1480956776297597,-1.1655966437953864,4.69774067410116,0.008718016195606693,-2.012845644410725,4.013592397723791,9,3.7307659183413096,6.429725851279951,7.727783408896409,6.602359494255636
164.0,,,-13.60189769235781,6.967830253251198,-1.9520994625279724,-2.681018557509799,4.253754479287308,0.05370132405567852,-3.6825761792146077,3.2936060764252373,9,3.735252248754205,6.430286858198347,6.997426118427622,5.417981995719515
165.0,,,-1.311519781665993e-10,6.967830253251198,-1.882249902764259e-11,-2.7047093466881345,2.6965548338839866,0.12566200960197477,-3.020696417835271,2.3947117197164975,9,3.739734681000554,6.430878258954218,4.435832701739158,3.9393007789336387
166.0,,,25.063466868909074,6.967830253251198,3.597026040812982,2.2064031352849742,2.4839627810306104,0.10129723715761974,2.0593031806174924,2.1720515103996543,9,3.7442136920840214,6.4314950778421975,4.086118774795354,3.5730247346074315
167.0,,,-4.934772912610896,6.967830253251198,-0.7082223207587935,0.28642161716022935,3.582523174203839,0.0009123030758867452,-0.6675513677426104,2.820776118584737,9,3.7486905336609286,6.432127500525301,5.893250621565315,4.640176715071893
168.0,,,9.589053423204632,6.967830253251198,1.3761892977703307,2.6913260199560667,1.7708848518221645,0.24809452555339137,2.4893329341785395,1.4886021980943367,9,3.753166639447772,6.432765126209192,2.9131055812474607,2.4487506158651837
169.0,,,-0.46574786459576956,6.967830253251198,-0.0668425962843241,2.4161323590093042,3.3523214395370906,0.06908179564491161,2.3381167447673286,2.876360648858499,9,3.75764258981023,6.433403849533989,5.514568768038514,4.73161326737223
170.0,,,48.86604115648508,6.967830253251198,7.0130929400417195,8.000902032343191,4.546835508228364,0.3066847261874657,7.5690479797653545,2.5113276830216265,9,3.7621185980094514,6.434042173491628,7.479544411035659,4.1311340385705755
171.0,,,19.08475961324102,6.967830253251198,2.7389817087372426,1.576527219854018,6.349938976621867,0.008728874701766746,1.0182056077527704,3.709806610842107,9,3.7665952085988446,6.434676251643588,10.44564961654297,6.102631874835266
172.0,,,36.83969582136129,6.967830253251198,5.287111551572578,6.089168269334558,6.227744270073525,0.12016003705637496,5.199661526098507,3.210996316181754,9,3.771073911207126,6.435295348208789,10.244639324270949,5.282088940118985
173.0,,,30.860097437606996,6.967830253251198,4.428939327735149,6.199561073319883,5.3909253586592785,0.1589064453557872,5.91607494044124,2.916294589023993,9,3.775555785315141,6.435891012297539,8.868072214994513,4.797304598944469
174.0,,,3.044629925600006,6.967830253251198,0.436955237848881,2.4262509673845556,2.380904086010412,0.12918588437444725,2.2054849459429198,2.1841113746568364,9,3.7800415036292656,6.436456936989125,3.9165872214871276,3.5928632113104957
175.0,,,54.7090992927518,6.967830253251198,7.851669358223024,5.003683204099602,3.253676660451073,0.2525359002789248,4.697969428224057,3.134509608117731,9,3.7845317942753285,6.436985257118316,5.352298106442015,5.1562683053536675
176.0,,,43.915950779155494,6.967830253251198,6.302672307303161,3.988604914202658,3.888683255973528,0.13065630406808842,3.8834000966929914,3.7403078555803537,9,3.7890273031166317,6.437467029740449,6.396883956076453,6.152806422429682
177.0,,,29.080037321559175,6.967830253251198,4.1734709751275005,3.3367975939652803,2.3186990226192203,0.22830629529250393,3.063513720790779,2.0846018570794134,9,3.7935282225861546,6.437895165951441,3.8142598922086175,3.429170054895635
178.0,,,14.227750761618836,6.967830253251198,2.041919829344314,3.1723561280897186,2.550637876341845,0.18099097128613473,2.585972775032782,2.035443217114105,9,3.798034461471429,6.438262929418894,4.195799306582335,3.3483040921527025
179.0,,,-0.659103240229399,6.967830253251198,-0.0945923216085611,1.5614597121788425,1.769317881711613,0.10012322632698856,1.4370788207882992,1.6967474502148279,9,3.8025456727610774,6.438563354233422,2.9105279154156034,2.791149555603392
180.0,,,-1.163016349892132e-10,6.967830253251198,-1.6691226789709282e-11,-0.8994513852046842,1.4896718098033737,0.04950249974838837,-0.804453377400385,1.0448347914389564,9,3.8070610634824873,6.438792415553658,2.4505101271265497,1.7187532319170833
181.0,,,-1.1638690011750441e-10,6.967830253251198,-1.670346375949646e-11,-1.6176987187398824,1.447899993504158,0.15134003373432095,-1.6470189245854068,1.1682499671470845,9,3.811579445858066,6.438951997991743,2.38179548931434,1.9217711959569541
182.0,,,-1.1640111097221961e-10,6.967830253251198,-1.670550325446099e-11,-1.697583689531104,1.4008833600090735,0.1734022119558431,-1.8182035309019269,1.1609256835770119,9,3.8160996432625987,6.439047576277175,2.304453127214926,1.9097227494841846
183.0,,,-2.3281643279915443e-10,6.967830253251198,-3.3413046003886506e-11,-1.7778887704613335,1.6630011803058782,0.14035979849392638,-1.98979195925588,1.4751504900329233,9,3.820620677721502,6.439088181791767,2.7356369416031696,2.426622556104159
184.0,,,-2.3281643279915443e-10,6.967830253251198,-3.3413046003886506e-11,-1.8039829365605728,2.0424859026175994,0.10026789403411138,-2.1024493850184567,1.8708188937354382,9,3.8251418965455253,6.439082676091674,3.359889309805951,3.077497080194796
185.0,,,-2.3284485450858483e-10,6.967830253251198,-3.3417124993815565e-11,-2.097323605402538,1.99889219815293,0.13589963559268461,-2.3112195220385225,1.8407945436331639,9,3.829662911224338,6.439039108482316,3.28817766596157,3.0281070242765544
186.0,,,-5.131041024260114,6.967830253251198,-0.7363900723422422,-2.8594000944806344,1.9732584997874671,0.23075394219592898,-2.9107266993857035,1.895077804644926,9,3.8341834945500217,6.438963054074526,3.2460102321503834,3.117402988640903
187.0,,,-6.987809527815344,6.967830253251198,-1.0028673595420645,-3.0320837318250202,2.293900306423155,0.1997404880278508,-3.075982961825869,2.2548104190001887,9,3.838703561770436,6.438860838074351,3.77346600406609,3.7091631392553106
188.0,,,-6.6755723793916815,6.967830253251198,-0.9580561145669201,-4.29116500749715,2.4798320975609682,0.2996058772945658,-4.3609852951774055,2.41708175999189,9,3.8432231953879987,6.438741029952558,4.079323800487793,3.976099495186659
189.0,,,-6.363279948399921,6.967830253251198,-0.9132369356200671,-4.936925333843683,2.9072001268250225,0.29176947847228346,-4.869238970880927,2.8226030749551327,9,3.847742576021652,6.438612180567624,4.782344208627162,4.643182058301194
190.0,,,-6.0509327253358975,6.967830253251198,-0.8684098930958494,-9.837306207895992,19.29606529834782,0.035800073137942735,-5.50401184122843,13.339584280915892,9,3.8522619172009134,6.438482170412977,31.742027415782164,21.94361614210664
191.0,,,-5.738562671912533,6.967830253251198,-0.8235795740338124,-2.558398722002152,1.5427910292038138,0.3142805312942028,-2.5592038248308864,1.5443240473476658,8,3.856781409370203,6.438357791846147,2.537891243040274,2.5404130578869104
192.0,,,-5.426228104799719,6.967830253251198,-0.77875434784994,-2.369245815432108,2.785549971161822,0.10759875669210196,-2.8970972260703762,2.1058020832104276,8,3.8613011732447036,6.438244000516901,4.5822297025611975,3.4640444268811534
193.0,,,-5.113936947163552,6.967830253251198,-0.7339353516508791,-2.8681470549764128,3.096435127155932,0.12510723673440527,-3.361135031900729,2.4993247264711482,8,3.86582122541388,6.438142593424339,5.093635784171508,4.111389175045039
194.0,,,-4.801653499023558,6.967830253251198,-0.6891174618932632,-3.356541278990074,3.405680955101314,0.13933465028350608,-3.8258798687015743,2.911917991903376,8,3.8703414932681657,6.438051565667225,5.602345171141661,4.790105096681054
195.0,,,-4.489348164325847,6.967830253251198,-0.644296431049122,-1.2298339041900843,1.6788321578480339,0.09692426836920422,-1.6688996461883274,1.2815092462004827,7,3.874861847521889,6.437965221076789,2.7616788996600157,2.108082709999794
196.0,,,-4.177031674103361,6.967830253251198,-0.5994737992008851,-1.3712825405328872,1.4986300817873894,0.14343505203850102,-1.722100225150065,1.2036049124197226,7,3.8793822271757357,6.43788054425882,2.4652464845402555,1.9799300809304436
197.0,,,-3.864682350134885,6.967830253251198,-0.5546464551617943,-1.5127190521295848,1.3846969255175254,0.19269653655232358,-1.7752914079256534,1.1508109892456702,7,3.8839025218521486,6.437791831347512,2.2778264424763295,1.8930840773091275
198.0,,,-3.552366127310421,6.967830253251198,-0.509823861689639,-1.654177389847713,1.3538924820818579,0.22991384256439032,-1.828505726226588,1.1266825458841307,7,3.8884224824400264,6.437687907556695,2.227153133024656,1.853392787979395
199.0,,,-3.2401493560688124,6.967830253251198,-0.46501554118040617,-1.7957282628063524,1.411739123473304,0.2444821092367885,-1.8818038761859786,1.1330922475933054,7,3.89294180541005,6.4375596273731635,2.3223108581135854,1.8639367472909874
200.0,,,-2.92808577536411,6.967830253251198,-0.42022920607141107,-1.9375049194256124,1.5485158847724312,0.23844389102043914,-1.9352915861188098,1.1696270080523745,7,3.8974600173441143,6.437397276352732,2.547308630450649,1.9240364282461562
201.0,,,-2.6161242064428905,6.967830253251198,-0.3754575113568824,-2.079654500318143,1.7460778162279664,0.22101203950269505,-1.9890665127805427,1.2337451335649487,7,3.901976451473853,6.437191610928594,2.872298007695005,2.0295107447143406
202.0,,,-90.98303794120554,7.58384668035592,-11.996951122030802,-5.668000746717687,3.816981147343673,0.26874363028589143,-2.5465917998708525,2.266519894191937,8,3.90649038885725,6.4369371614535025,6.278933987380342,3.7284252259457364
203.0,,,-65.15624526446061,7.58384668035592,-8.591450751929328,-4.481966337838118,2.5715985128234147,0.30262226943700166,-2.611842274212766,1.860831041384336,9,3.9110013112442856,6.436633926453432,4.230279553594517,3.0610670630772328
204.0,,,-39.31588858220509,7.58384668035592,-5.184161842834083,-5.162402676293992,2.742190739773617,0.33612289021542363,-5.104590469676354,2.514001903263614,9,3.9155090355628044,6.436286404880949,4.5109037669275995,4.135533130868645
205.0,,,-28.27933443975205,7.58384668035592,-3.7288905791044895,-3.587210232722141,4.52012530638964,0.08254651197772275,-3.3898534716184585,4.37944675173363,9,3.920013640546691,6.4359005332539905,7.435606129010958,7.204189906601821
206.0,,,-1.4117860822731956,7.58384668035592,-0.1861569915343988,0.16260412716621545,2.244561842401616,0.0008739146608264556,-1.108845022184493,2.1575441803122133,8,3.924515667237515,6.435485668523862,3.6923042307506586,3.549160176613591
207.0,,,-5.393527295876368,7.58384668035592,-0.7111862255663695,-4.712757442712747,4.009194493267076,0.16485425413675425,-5.915811880320275,4.154444072378324,9,3.929015410881648,6.435046823840699,6.5951249414243405,6.834060499062343
208.0,,,-9.378926319388256,7.58384668035592,-1.2366977755077837,-2.349111350700812,0.9898176075535472,0.44587126715767683,-2.8252931288109147,0.8204282807986156,9,3.933512390660017,6.43458061703881,1.6282499644255852,1.3496045219137227
209.0,,,-42.67648453402208,7.58384668035592,-5.6272873559752945,-3.908318371315445,2.980620091539827,0.1971887116340463,-2.8141165807907536,1.9927791702826376,9,3.9380059500771845,6.434082622604602,4.9031200505830155,3.2781217351149388
210.0,,,-3.343648582437922,7.58384668035592,-0.4408908464748921,-4.149293008244689,4.651950604023507,0.10205403543103359,-4.2786495397688835,4.1505119766674285,9,3.9424955966123787,6.433550566577536,7.652458743618669,6.82759220161792
211.0,,,1.8232427986059605,7.58384668035592,0.24041134736130942,1.163312294299832,1.1039310364162236,0.13691860446448664,0.9363173346055764,0.9705217256013177,9,3.9469812102599233,6.432985590127788,1.8159665549046877,1.5965082386141676
212.0,,,58.02082757492513,7.58384668035592,7.650580242505922,3.9525562477559584,4.101742425719486,0.11711807702944192,1.8067779302809122,2.7538359347415695,9,3.951462304705438,6.4323858888692085,6.7473662903085545,4.530060112649882
213.0,,,63.17619342244516,7.58384668035592,8.330362688645522,1.452948969465574,4.061533032948668,0.020883527086844354,-0.2748920270570627,4.120019863119905,8,3.9559391331678446,6.431755147010651,6.681221839200559,6.777432674832244
214.0,,,31.582271852132834,7.58384668035592,4.164413283029429,-0.5343225696667225,3.370526035861786,0.0041710477714285606,-1.7573900821426838,3.3466450946571458,8,3.96041250877272,6.431100410643515,5.544515328992638,5.505231180711005
215.0,,,37.61100568510456,7.58384668035592,4.959357338081025,1.2006791347350034,3.7048314056692817,0.01720398925976428,1.4905800029820964,3.945459434514233,8,3.9648844521746573,6.4304359941630445,6.094447662325969,6.4902807697759135
216.0,,,102.00658229460691,7.58384668035592,13.450506925308728,11.983584742849116,3.4108011790624992,0.6729199981279728,12.756494124279993,2.708520184107148,8,3.96935854516972,6.429786341598625,5.610767939557811,4.455515702856258
217.0,,,2.776761446841107,7.58384668035592,0.36614155901036616,8.551531898318208,7.031431181639538,0.19776547507136913,13.718699400736146,4.737381487370305,8,3.973836745799842,6.429165821718685,11.56670429379704,7.792992546724152
218.0,,,25.7192910912876,7.58384668035592,3.391325296423392,9.520643844532584,8.862476098533609,0.16131355361721614,15.65676389874481,6.696246074798409,8,3.978320722222176,6.428588763891617,14.578773182087787,11.015324793043382
219.0,,,-6.333358156206629,7.58384668035592,-0.8351115763734553,7.151870332223474,6.729267857025147,0.15843159805096946,12.398887780516446,4.759222459688852,8,3.9828117068205215,6.4280693737256565,11.069645624806366,7.828920946188161
220.0,,,-37.00112253583143,7.58384668035592,-4.878938630401599,5.949413337658231,7.853883116846681,0.08728935481868896,12.51291539808939,5.156527341361241,8,3.9873103579426425,6.427621623178162,12.919637727212791,8.482487476539243
221.0,,,-85.28323629425026,7.58384668035592,-11.245379803781555,3.7673189836034364,9.96875334719243,0.023249597325423737,12.35877518478429,6.152857999323841,8,3.991816635459284,6.427259109310828,16.39859925613155,10.121451408887717
